USER_ID,GENDER
52a238fc-9dc3-11eb-a364-acde48001122,M
52a239c4-9dc3-11eb-a364-acde48001122,M
52a23a5a-9dc3-11eb-a364-acde48001122,M
52a23adc-9dc3-11eb-a364-acde48001122,M
52a23b54-9dc3-11eb-a364-acde48001122,M
52a23bc2-9dc3-11eb-a364-acde48001122,M
52a23c3a-9dc3-11eb-a364-acde48001122,M
52a23cb2-9dc3-11eb-a364-acde48001122,M
52a23d20-9dc3-11eb-a364-acde48001122,M
52a23d98-9dc3-11eb-a364-acde48001122,M
52a23e06-9dc3-11eb-a364-acde48001122,M
52a23e7e-9dc3-11eb-a364-acde48001122,M
52a23eec-9dc3-11eb-a364-acde48001122,M
52a23f64-9dc3-11eb-a364-acde48001122,M
52a23fd2-9dc3-11eb-a364-acde48001122,M
52a2404a-9dc3-11eb-a364-acde48001122,M
52a240d6-9dc3-11eb-a364-acde48001122,M
52a2414e-9dc3-11eb-a364-acde48001122,M
52a241da-9dc3-11eb-a364-acde48001122,M
52a24248-9dc3-11eb-a364-acde48001122,M
52a242c0-9dc3-11eb-a364-acde48001122,M
52a2432e-9dc3-11eb-a364-acde48001122,M
52a2439c-9dc3-11eb-a364-acde48001122,M
52a2440a-9dc3-11eb-a364-acde48001122,M
52a24482-9dc3-11eb-a364-acde48001122,M
52a244f0-9dc3-11eb-a364-acde48001122,M
52a2455e-9dc3-11eb-a364-acde48001122,M
52a245cc-9dc3-11eb-a364-acde48001122,M
52a2463a-9dc3-11eb-a364-acde48001122,M
52a246a8-9dc3-11eb-a364-acde48001122,M
52a24720-9dc3-11eb-a364-acde48001122,M
52a2478e-9dc3-11eb-a364-acde48001122,M
52a24810-9dc3-11eb-a364-acde48001122,M
52a2487e-9dc3-11eb-a364-acde48001122,M
52a248f6-9dc3-11eb-a364-acde48001122,M
52a2495a-9dc3-11eb-a364-acde48001122,M
52a249c8-9dc3-11eb-a364-acde48001122,M
52a24a36-9dc3-11eb-a364-acde48001122,M
52a24bc6-9dc3-11eb-a364-acde48001122,M
52a24cb6-9dc3-11eb-a364-acde48001122,M
52a24d56-9dc3-11eb-a364-acde48001122,M
52a24dd8-9dc3-11eb-a364-acde48001122,M
52a24e5a-9dc3-11eb-a364-acde48001122,M
52a24ec8-9dc3-11eb-a364-acde48001122,M
52a24f40-9dc3-11eb-a364-acde48001122,M
52a24fb8-9dc3-11eb-a364-acde48001122,M
52a25026-9dc3-11eb-a364-acde48001122,M
52a25094-9dc3-11eb-a364-acde48001122,M
52a2510c-9dc3-11eb-a364-acde48001122,M
52a2517a-9dc3-11eb-a364-acde48001122,M
52a251e8-9dc3-11eb-a364-acde48001122,M
52a25256-9dc3-11eb-a364-acde48001122,M
52a252ce-9dc3-11eb-a364-acde48001122,M
52a2533c-9dc3-11eb-a364-acde48001122,M
52a253aa-9dc3-11eb-a364-acde48001122,M
52a25422-9dc3-11eb-a364-acde48001122,M
52a25490-9dc3-11eb-a364-acde48001122,M
52a25508-9dc3-11eb-a364-acde48001122,M
52a25576-9dc3-11eb-a364-acde48001122,M
52a255e4-9dc3-11eb-a364-acde48001122,M
52a2565c-9dc3-11eb-a364-acde48001122,M
52a256ca-9dc3-11eb-a364-acde48001122,M
52a25738-9dc3-11eb-a364-acde48001122,M
52a257a6-9dc3-11eb-a364-acde48001122,M
52a2581e-9dc3-11eb-a364-acde48001122,M
52a2588c-9dc3-11eb-a364-acde48001122,M
52a258fa-9dc3-11eb-a364-acde48001122,M
52a25968-9dc3-11eb-a364-acde48001122,M
52a259d6-9dc3-11eb-a364-acde48001122,M
52a25a44-9dc3-11eb-a364-acde48001122,M
52a25ab2-9dc3-11eb-a364-acde48001122,M
52a25b20-9dc3-11eb-a364-acde48001122,M
52a25b84-9dc3-11eb-a364-acde48001122,M
52a25bf2-9dc3-11eb-a364-acde48001122,M
52a25c6a-9dc3-11eb-a364-acde48001122,M
52a25cce-9dc3-11eb-a364-acde48001122,M
52a25d46-9dc3-11eb-a364-acde48001122,M
52a25dbe-9dc3-11eb-a364-acde48001122,M
52a25e2c-9dc3-11eb-a364-acde48001122,M
52a25e9a-9dc3-11eb-a364-acde48001122,M
52a25f08-9dc3-11eb-a364-acde48001122,M
52a25f76-9dc3-11eb-a364-acde48001122,M
52a25fe4-9dc3-11eb-a364-acde48001122,M
52a26052-9dc3-11eb-a364-acde48001122,M
52a260c0-9dc3-11eb-a364-acde48001122,M
52a26138-9dc3-11eb-a364-acde48001122,M
52a261a6-9dc3-11eb-a364-acde48001122,M
52a26214-9dc3-11eb-a364-acde48001122,M
52a262aa-9dc3-11eb-a364-acde48001122,M
52a26322-9dc3-11eb-a364-acde48001122,M
52a26390-9dc3-11eb-a364-acde48001122,M
52a263fe-9dc3-11eb-a364-acde48001122,M
52a2646c-9dc3-11eb-a364-acde48001122,M
52a264e4-9dc3-11eb-a364-acde48001122,M
52a26552-9dc3-11eb-a364-acde48001122,M
52a265c0-9dc3-11eb-a364-acde48001122,M
52a2662e-9dc3-11eb-a364-acde48001122,M
52a2669c-9dc3-11eb-a364-acde48001122,M
52a26714-9dc3-11eb-a364-acde48001122,M
52a26782-9dc3-11eb-a364-acde48001122,M
52a267f0-9dc3-11eb-a364-acde48001122,M
52a2685e-9dc3-11eb-a364-acde48001122,M
52a268cc-9dc3-11eb-a364-acde48001122,M
52a2693a-9dc3-11eb-a364-acde48001122,M
52a269a8-9dc3-11eb-a364-acde48001122,M
52a26a16-9dc3-11eb-a364-acde48001122,M
52a26a84-9dc3-11eb-a364-acde48001122,M
52a26af2-9dc3-11eb-a364-acde48001122,M
52a26b6a-9dc3-11eb-a364-acde48001122,M
52a26bd8-9dc3-11eb-a364-acde48001122,M
52a26c46-9dc3-11eb-a364-acde48001122,M
52a26cb4-9dc3-11eb-a364-acde48001122,M
52a26d22-9dc3-11eb-a364-acde48001122,M
52a26d90-9dc3-11eb-a364-acde48001122,M
52a26dfe-9dc3-11eb-a364-acde48001122,M
52a26e6c-9dc3-11eb-a364-acde48001122,M
52a26eda-9dc3-11eb-a364-acde48001122,M
52a26f48-9dc3-11eb-a364-acde48001122,M
52a26fb6-9dc3-11eb-a364-acde48001122,M
52a27024-9dc3-11eb-a364-acde48001122,M
52a27092-9dc3-11eb-a364-acde48001122,M
52a27100-9dc3-11eb-a364-acde48001122,M
52a2716e-9dc3-11eb-a364-acde48001122,M
52a271dc-9dc3-11eb-a364-acde48001122,M
52a27268-9dc3-11eb-a364-acde48001122,M
52a272d6-9dc3-11eb-a364-acde48001122,M
52a27344-9dc3-11eb-a364-acde48001122,M
52a273b2-9dc3-11eb-a364-acde48001122,M
52a2742a-9dc3-11eb-a364-acde48001122,M
52a27498-9dc3-11eb-a364-acde48001122,M
52a27506-9dc3-11eb-a364-acde48001122,M
52a27574-9dc3-11eb-a364-acde48001122,M
52a275e2-9dc3-11eb-a364-acde48001122,M
52a27650-9dc3-11eb-a364-acde48001122,M
52a276be-9dc3-11eb-a364-acde48001122,M
52a2772c-9dc3-11eb-a364-acde48001122,M
52a2779a-9dc3-11eb-a364-acde48001122,M
52a2781c-9dc3-11eb-a364-acde48001122,M
52a27af6-9dc3-11eb-a364-acde48001122,M
52a27ba0-9dc3-11eb-a364-acde48001122,M
52a27c18-9dc3-11eb-a364-acde48001122,M
52a27c90-9dc3-11eb-a364-acde48001122,M
52a27cfe-9dc3-11eb-a364-acde48001122,M
52a27d6c-9dc3-11eb-a364-acde48001122,M
52a27dda-9dc3-11eb-a364-acde48001122,M
52a27e48-9dc3-11eb-a364-acde48001122,M
52a27eb6-9dc3-11eb-a364-acde48001122,M
52a27f2e-9dc3-11eb-a364-acde48001122,M
52a27f9c-9dc3-11eb-a364-acde48001122,M
52a2800a-9dc3-11eb-a364-acde48001122,M
52a28078-9dc3-11eb-a364-acde48001122,M
52a280e6-9dc3-11eb-a364-acde48001122,M
52a28154-9dc3-11eb-a364-acde48001122,M
52a281cc-9dc3-11eb-a364-acde48001122,M
52a2823a-9dc3-11eb-a364-acde48001122,M
52a282a8-9dc3-11eb-a364-acde48001122,M
52a28316-9dc3-11eb-a364-acde48001122,M
52a28384-9dc3-11eb-a364-acde48001122,M
52a283f2-9dc3-11eb-a364-acde48001122,M
52a28460-9dc3-11eb-a364-acde48001122,M
52a284ce-9dc3-11eb-a364-acde48001122,M
52a2853c-9dc3-11eb-a364-acde48001122,M
52a285b4-9dc3-11eb-a364-acde48001122,M
52a28622-9dc3-11eb-a364-acde48001122,M
52a28690-9dc3-11eb-a364-acde48001122,M
52a286fe-9dc3-11eb-a364-acde48001122,M
52a2876c-9dc3-11eb-a364-acde48001122,M
52a287da-9dc3-11eb-a364-acde48001122,M
52a28848-9dc3-11eb-a364-acde48001122,M
52a288b6-9dc3-11eb-a364-acde48001122,M
52a28924-9dc3-11eb-a364-acde48001122,M
52a28992-9dc3-11eb-a364-acde48001122,M
52a28a00-9dc3-11eb-a364-acde48001122,M
52a28a6e-9dc3-11eb-a364-acde48001122,M
52a28adc-9dc3-11eb-a364-acde48001122,M
52a28b4a-9dc3-11eb-a364-acde48001122,M
52a28bb8-9dc3-11eb-a364-acde48001122,M
52a28c26-9dc3-11eb-a364-acde48001122,M
52a28c94-9dc3-11eb-a364-acde48001122,M
52a28d02-9dc3-11eb-a364-acde48001122,M
52a28d70-9dc3-11eb-a364-acde48001122,M
52a28dde-9dc3-11eb-a364-acde48001122,M
52a28e4c-9dc3-11eb-a364-acde48001122,M
52a28eba-9dc3-11eb-a364-acde48001122,M
52a28f28-9dc3-11eb-a364-acde48001122,M
52a28f96-9dc3-11eb-a364-acde48001122,M
52a29004-9dc3-11eb-a364-acde48001122,M
52a29072-9dc3-11eb-a364-acde48001122,M
52a290e0-9dc3-11eb-a364-acde48001122,M
52a2914e-9dc3-11eb-a364-acde48001122,M
52a291bc-9dc3-11eb-a364-acde48001122,M
52a2922a-9dc3-11eb-a364-acde48001122,M
52a29298-9dc3-11eb-a364-acde48001122,M
52a29306-9dc3-11eb-a364-acde48001122,M
52a2936a-9dc3-11eb-a364-acde48001122,M
52a293d8-9dc3-11eb-a364-acde48001122,M
52a29450-9dc3-11eb-a364-acde48001122,M
52a294be-9dc3-11eb-a364-acde48001122,M
52a2952c-9dc3-11eb-a364-acde48001122,M
52a29590-9dc3-11eb-a364-acde48001122,M
52a295fe-9dc3-11eb-a364-acde48001122,M
52a2966c-9dc3-11eb-a364-acde48001122,M
52a296da-9dc3-11eb-a364-acde48001122,M
52a29748-9dc3-11eb-a364-acde48001122,M
52a297b6-9dc3-11eb-a364-acde48001122,M
52a29824-9dc3-11eb-a364-acde48001122,M
52a29892-9dc3-11eb-a364-acde48001122,M
52a29900-9dc3-11eb-a364-acde48001122,M
52a2996e-9dc3-11eb-a364-acde48001122,M
52a299e6-9dc3-11eb-a364-acde48001122,M
52a29a54-9dc3-11eb-a364-acde48001122,M
52a29ac2-9dc3-11eb-a364-acde48001122,M
52a29b30-9dc3-11eb-a364-acde48001122,M
52a29b9e-9dc3-11eb-a364-acde48001122,M
52a29c0c-9dc3-11eb-a364-acde48001122,M
52a29c84-9dc3-11eb-a364-acde48001122,M
52a29cfc-9dc3-11eb-a364-acde48001122,M
52a29d6a-9dc3-11eb-a364-acde48001122,M
52a29dd8-9dc3-11eb-a364-acde48001122,M
52a29e50-9dc3-11eb-a364-acde48001122,M
52a29ec8-9dc3-11eb-a364-acde48001122,M
52a29f40-9dc3-11eb-a364-acde48001122,M
52a29fb8-9dc3-11eb-a364-acde48001122,M
52a2a026-9dc3-11eb-a364-acde48001122,M
52a2a09e-9dc3-11eb-a364-acde48001122,M
52a2a314-9dc3-11eb-a364-acde48001122,M
52a2a3f0-9dc3-11eb-a364-acde48001122,M
52a2a486-9dc3-11eb-a364-acde48001122,M
52a2a512-9dc3-11eb-a364-acde48001122,M
52a2a58a-9dc3-11eb-a364-acde48001122,M
52a2a602-9dc3-11eb-a364-acde48001122,M
52a2a684-9dc3-11eb-a364-acde48001122,M
52a2a6fc-9dc3-11eb-a364-acde48001122,M
52a2a774-9dc3-11eb-a364-acde48001122,M
52a2a7ec-9dc3-11eb-a364-acde48001122,M
52a2a85a-9dc3-11eb-a364-acde48001122,M
52a2a8d2-9dc3-11eb-a364-acde48001122,M
52a2a94a-9dc3-11eb-a364-acde48001122,M
52a2a9b8-9dc3-11eb-a364-acde48001122,M
52a2aa26-9dc3-11eb-a364-acde48001122,M
52a2aa9e-9dc3-11eb-a364-acde48001122,M
52a2ab0c-9dc3-11eb-a364-acde48001122,M
52a2ab7a-9dc3-11eb-a364-acde48001122,M
52a2abe8-9dc3-11eb-a364-acde48001122,M
52a2ac60-9dc3-11eb-a364-acde48001122,M
52a2acce-9dc3-11eb-a364-acde48001122,M
52a2ad3c-9dc3-11eb-a364-acde48001122,M
52a2adbe-9dc3-11eb-a364-acde48001122,M
52a2ae2c-9dc3-11eb-a364-acde48001122,M
52a2ae9a-9dc3-11eb-a364-acde48001122,M
52a2af08-9dc3-11eb-a364-acde48001122,M
52a2af80-9dc3-11eb-a364-acde48001122,M
52a2afee-9dc3-11eb-a364-acde48001122,M
52a2b05c-9dc3-11eb-a364-acde48001122,M
52a2b0d4-9dc3-11eb-a364-acde48001122,M
52a2b142-9dc3-11eb-a364-acde48001122,M
52a2b1b0-9dc3-11eb-a364-acde48001122,M
52a2b228-9dc3-11eb-a364-acde48001122,M
52a2b296-9dc3-11eb-a364-acde48001122,M
52a2b304-9dc3-11eb-a364-acde48001122,M
52a2b372-9dc3-11eb-a364-acde48001122,M
52a2b3ea-9dc3-11eb-a364-acde48001122,M
52a2b458-9dc3-11eb-a364-acde48001122,M
52a2b4d0-9dc3-11eb-a364-acde48001122,M
52a2b53e-9dc3-11eb-a364-acde48001122,M
52a2b5ac-9dc3-11eb-a364-acde48001122,M
52a2b624-9dc3-11eb-a364-acde48001122,M
52a2b692-9dc3-11eb-a364-acde48001122,M
52a2b70a-9dc3-11eb-a364-acde48001122,M
52a2b778-9dc3-11eb-a364-acde48001122,M
52a2b7e6-9dc3-11eb-a364-acde48001122,M
52a2b854-9dc3-11eb-a364-acde48001122,M
52a2b8c2-9dc3-11eb-a364-acde48001122,M
52a2b930-9dc3-11eb-a364-acde48001122,M
52a2b9a8-9dc3-11eb-a364-acde48001122,M
52a2ba16-9dc3-11eb-a364-acde48001122,M
52a2ba84-9dc3-11eb-a364-acde48001122,M
52a2bc8c-9dc3-11eb-a364-acde48001122,M
52a2bd36-9dc3-11eb-a364-acde48001122,M
52a2bdae-9dc3-11eb-a364-acde48001122,M
52a2be26-9dc3-11eb-a364-acde48001122,M
52a2be94-9dc3-11eb-a364-acde48001122,M
52a2bf0c-9dc3-11eb-a364-acde48001122,M
52a2bf7a-9dc3-11eb-a364-acde48001122,M
52a2bfe8-9dc3-11eb-a364-acde48001122,M
52a2c056-9dc3-11eb-a364-acde48001122,M
52a2c0c4-9dc3-11eb-a364-acde48001122,M
52a2c13c-9dc3-11eb-a364-acde48001122,M
52a2c1aa-9dc3-11eb-a364-acde48001122,M
52a2c218-9dc3-11eb-a364-acde48001122,M
52a2c290-9dc3-11eb-a364-acde48001122,M
52a2c2fe-9dc3-11eb-a364-acde48001122,M
52a2c36c-9dc3-11eb-a364-acde48001122,M
52a2c3e4-9dc3-11eb-a364-acde48001122,M
52a2c452-9dc3-11eb-a364-acde48001122,M
52a2c4ca-9dc3-11eb-a364-acde48001122,M
52a2c542-9dc3-11eb-a364-acde48001122,M
52a2c5b0-9dc3-11eb-a364-acde48001122,M
52a2c61e-9dc3-11eb-a364-acde48001122,M
52a2c696-9dc3-11eb-a364-acde48001122,M
52a2c704-9dc3-11eb-a364-acde48001122,M
52a2c772-9dc3-11eb-a364-acde48001122,M
52a2c7ea-9dc3-11eb-a364-acde48001122,M
52a2c858-9dc3-11eb-a364-acde48001122,M
52a2c8c6-9dc3-11eb-a364-acde48001122,M
52a2c93e-9dc3-11eb-a364-acde48001122,M
52a2c9b6-9dc3-11eb-a364-acde48001122,M
52a2ca24-9dc3-11eb-a364-acde48001122,M
52a2ca92-9dc3-11eb-a364-acde48001122,M
52a2cb00-9dc3-11eb-a364-acde48001122,M
52a2cb82-9dc3-11eb-a364-acde48001122,M
52a2cbf0-9dc3-11eb-a364-acde48001122,M
52a2cc68-9dc3-11eb-a364-acde48001122,M
52a2ccd6-9dc3-11eb-a364-acde48001122,M
52a2cd44-9dc3-11eb-a364-acde48001122,M
52a2cdbc-9dc3-11eb-a364-acde48001122,M
52a2ce2a-9dc3-11eb-a364-acde48001122,M
52a2ce98-9dc3-11eb-a364-acde48001122,M
52a2cf10-9dc3-11eb-a364-acde48001122,M
52a2cf7e-9dc3-11eb-a364-acde48001122,M
52a2cfec-9dc3-11eb-a364-acde48001122,M
52a2d08c-9dc3-11eb-a364-acde48001122,M
52a2d12c-9dc3-11eb-a364-acde48001122,M
52a2d1a4-9dc3-11eb-a364-acde48001122,M
52a2d21c-9dc3-11eb-a364-acde48001122,M
52a2d2d0-9dc3-11eb-a364-acde48001122,M
52a2d352-9dc3-11eb-a364-acde48001122,M
52a2d3c0-9dc3-11eb-a364-acde48001122,M
52a2d42e-9dc3-11eb-a364-acde48001122,M
52a2d4a6-9dc3-11eb-a364-acde48001122,M
52a2d514-9dc3-11eb-a364-acde48001122,M
52a2d58c-9dc3-11eb-a364-acde48001122,M
52a2d5fa-9dc3-11eb-a364-acde48001122,M
52a2d668-9dc3-11eb-a364-acde48001122,M
52a2d6d6-9dc3-11eb-a364-acde48001122,M
52a2d74e-9dc3-11eb-a364-acde48001122,M
52a2d7bc-9dc3-11eb-a364-acde48001122,M
52a2d82a-9dc3-11eb-a364-acde48001122,M
52a2d8a2-9dc3-11eb-a364-acde48001122,M
52a2d910-9dc3-11eb-a364-acde48001122,M
52a2d97e-9dc3-11eb-a364-acde48001122,M
52a2d9ec-9dc3-11eb-a364-acde48001122,M
52a2da64-9dc3-11eb-a364-acde48001122,M
52a2dad2-9dc3-11eb-a364-acde48001122,M
52a2db40-9dc3-11eb-a364-acde48001122,M
52a2dbb8-9dc3-11eb-a364-acde48001122,M
52a2dc26-9dc3-11eb-a364-acde48001122,M
52a2dc94-9dc3-11eb-a364-acde48001122,M
52a2dd02-9dc3-11eb-a364-acde48001122,M
52a2dd70-9dc3-11eb-a364-acde48001122,M
52a2ddde-9dc3-11eb-a364-acde48001122,M
52a2de4c-9dc3-11eb-a364-acde48001122,M
52a2deba-9dc3-11eb-a364-acde48001122,M
52a2df28-9dc3-11eb-a364-acde48001122,M
52a2dfa0-9dc3-11eb-a364-acde48001122,M
52a2e018-9dc3-11eb-a364-acde48001122,M
52a2e086-9dc3-11eb-a364-acde48001122,M
52a2e0f4-9dc3-11eb-a364-acde48001122,M
52a2e16c-9dc3-11eb-a364-acde48001122,M
52a2e1da-9dc3-11eb-a364-acde48001122,M
52a2e248-9dc3-11eb-a364-acde48001122,M
52a2e2b6-9dc3-11eb-a364-acde48001122,M
52a2e32e-9dc3-11eb-a364-acde48001122,M
52a2e39c-9dc3-11eb-a364-acde48001122,M
52a2e414-9dc3-11eb-a364-acde48001122,M
52a2e482-9dc3-11eb-a364-acde48001122,M
52a2e4f0-9dc3-11eb-a364-acde48001122,M
52a2e55e-9dc3-11eb-a364-acde48001122,M
52a2e5d6-9dc3-11eb-a364-acde48001122,M
52a2e644-9dc3-11eb-a364-acde48001122,M
52a2e6b2-9dc3-11eb-a364-acde48001122,M
52a2e72a-9dc3-11eb-a364-acde48001122,M
52a2e798-9dc3-11eb-a364-acde48001122,M
52a2e806-9dc3-11eb-a364-acde48001122,M
52a2e874-9dc3-11eb-a364-acde48001122,M
52a2e8e2-9dc3-11eb-a364-acde48001122,M
52a2e950-9dc3-11eb-a364-acde48001122,M
52a2e9be-9dc3-11eb-a364-acde48001122,M
52a2ea2c-9dc3-11eb-a364-acde48001122,M
52a2ea9a-9dc3-11eb-a364-acde48001122,M
52a2eb08-9dc3-11eb-a364-acde48001122,M
52a2eb76-9dc3-11eb-a364-acde48001122,M
52a2ebe4-9dc3-11eb-a364-acde48001122,M
52a2ec52-9dc3-11eb-a364-acde48001122,M
52a2ecc0-9dc3-11eb-a364-acde48001122,M
52a2ed2e-9dc3-11eb-a364-acde48001122,M
52a2eedc-9dc3-11eb-a364-acde48001122,M
52a2ef9a-9dc3-11eb-a364-acde48001122,M
52a2f01c-9dc3-11eb-a364-acde48001122,M
52a2f0bc-9dc3-11eb-a364-acde48001122,M
52a2f170-9dc3-11eb-a364-acde48001122,M
52a2f1f2-9dc3-11eb-a364-acde48001122,M
52a2f260-9dc3-11eb-a364-acde48001122,M
52a2f2d8-9dc3-11eb-a364-acde48001122,M
52a2f346-9dc3-11eb-a364-acde48001122,M
52a2f3be-9dc3-11eb-a364-acde48001122,M
52a2f490-9dc3-11eb-a364-acde48001122,M
52a2f5da-9dc3-11eb-a364-acde48001122,M
52a2f68e-9dc3-11eb-a364-acde48001122,M
52a2f6fc-9dc3-11eb-a364-acde48001122,M
52a2f79c-9dc3-11eb-a364-acde48001122,M
52a2f814-9dc3-11eb-a364-acde48001122,M
52a2f882-9dc3-11eb-a364-acde48001122,M
52a2f9e0-9dc3-11eb-a364-acde48001122,M
52a2fb34-9dc3-11eb-a364-acde48001122,M
52a2fc42-9dc3-11eb-a364-acde48001122,M
52a2fcc4-9dc3-11eb-a364-acde48001122,M
52a2fd3c-9dc3-11eb-a364-acde48001122,M
52a2fda0-9dc3-11eb-a364-acde48001122,M
52a2fe0e-9dc3-11eb-a364-acde48001122,M
52a2fe72-9dc3-11eb-a364-acde48001122,M
52a2fee0-9dc3-11eb-a364-acde48001122,M
52a2ff44-9dc3-11eb-a364-acde48001122,M
52a2ffb2-9dc3-11eb-a364-acde48001122,M
52a30016-9dc3-11eb-a364-acde48001122,M
52a30084-9dc3-11eb-a364-acde48001122,M
52a3026e-9dc3-11eb-a364-acde48001122,M
52a302fa-9dc3-11eb-a364-acde48001122,M
52a30368-9dc3-11eb-a364-acde48001122,M
52a303d6-9dc3-11eb-a364-acde48001122,M
52a30444-9dc3-11eb-a364-acde48001122,M
52a304b2-9dc3-11eb-a364-acde48001122,M
52a30516-9dc3-11eb-a364-acde48001122,M
52a30584-9dc3-11eb-a364-acde48001122,M
52a305e8-9dc3-11eb-a364-acde48001122,M
52a30656-9dc3-11eb-a364-acde48001122,M
52a306c4-9dc3-11eb-a364-acde48001122,M
52a30732-9dc3-11eb-a364-acde48001122,M
52a30796-9dc3-11eb-a364-acde48001122,M
52a30804-9dc3-11eb-a364-acde48001122,M
52a30868-9dc3-11eb-a364-acde48001122,M
52a308d6-9dc3-11eb-a364-acde48001122,M
52a30944-9dc3-11eb-a364-acde48001122,M
52a309b2-9dc3-11eb-a364-acde48001122,M
52a30a16-9dc3-11eb-a364-acde48001122,M
52a30a84-9dc3-11eb-a364-acde48001122,M
52a30ae8-9dc3-11eb-a364-acde48001122,M
52a30b56-9dc3-11eb-a364-acde48001122,M
52a30bba-9dc3-11eb-a364-acde48001122,M
52a30c1e-9dc3-11eb-a364-acde48001122,M
52a30c8c-9dc3-11eb-a364-acde48001122,M
52a30cf0-9dc3-11eb-a364-acde48001122,M
52a30d5e-9dc3-11eb-a364-acde48001122,M
52a30dcc-9dc3-11eb-a364-acde48001122,M
52a30e30-9dc3-11eb-a364-acde48001122,M
52a30e94-9dc3-11eb-a364-acde48001122,M
52a30f02-9dc3-11eb-a364-acde48001122,M
52a30f66-9dc3-11eb-a364-acde48001122,M
52a30fd4-9dc3-11eb-a364-acde48001122,M
52a31038-9dc3-11eb-a364-acde48001122,M
52a310a6-9dc3-11eb-a364-acde48001122,M
52a3110a-9dc3-11eb-a364-acde48001122,M
52a3116e-9dc3-11eb-a364-acde48001122,M
52a311dc-9dc3-11eb-a364-acde48001122,M
52a31240-9dc3-11eb-a364-acde48001122,M
52a312a4-9dc3-11eb-a364-acde48001122,M
52a31312-9dc3-11eb-a364-acde48001122,M
52a31376-9dc3-11eb-a364-acde48001122,M
52a313e4-9dc3-11eb-a364-acde48001122,M
52a31452-9dc3-11eb-a364-acde48001122,M
52a314b6-9dc3-11eb-a364-acde48001122,M
52a3151a-9dc3-11eb-a364-acde48001122,M
52a31588-9dc3-11eb-a364-acde48001122,M
52a315ec-9dc3-11eb-a364-acde48001122,M
52a31650-9dc3-11eb-a364-acde48001122,M
52a316be-9dc3-11eb-a364-acde48001122,M
52a31722-9dc3-11eb-a364-acde48001122,M
52a31790-9dc3-11eb-a364-acde48001122,M
52a317f4-9dc3-11eb-a364-acde48001122,M
52a31862-9dc3-11eb-a364-acde48001122,M
52a318d0-9dc3-11eb-a364-acde48001122,M
52a31934-9dc3-11eb-a364-acde48001122,M
52a31998-9dc3-11eb-a364-acde48001122,M
52a31a06-9dc3-11eb-a364-acde48001122,M
52a31a6a-9dc3-11eb-a364-acde48001122,M
52a31ad8-9dc3-11eb-a364-acde48001122,M
52a31b3c-9dc3-11eb-a364-acde48001122,M
52a31baa-9dc3-11eb-a364-acde48001122,M
52a31c18-9dc3-11eb-a364-acde48001122,M
52a31c90-9dc3-11eb-a364-acde48001122,M
52a31d08-9dc3-11eb-a364-acde48001122,M
52a31d8a-9dc3-11eb-a364-acde48001122,M
52a31e16-9dc3-11eb-a364-acde48001122,M
52a31e98-9dc3-11eb-a364-acde48001122,M
52a31f06-9dc3-11eb-a364-acde48001122,M
52a31f88-9dc3-11eb-a364-acde48001122,M
52a31ff6-9dc3-11eb-a364-acde48001122,M
52a32078-9dc3-11eb-a364-acde48001122,M
52a320f0-9dc3-11eb-a364-acde48001122,M
52a3217c-9dc3-11eb-a364-acde48001122,M
52a321f4-9dc3-11eb-a364-acde48001122,M
52a3226c-9dc3-11eb-a364-acde48001122,M
52a322ee-9dc3-11eb-a364-acde48001122,M
52a32384-9dc3-11eb-a364-acde48001122,M
52a32410-9dc3-11eb-a364-acde48001122,M
52a3247e-9dc3-11eb-a364-acde48001122,M
52a324f6-9dc3-11eb-a364-acde48001122,M
52a32564-9dc3-11eb-a364-acde48001122,M
52a325e6-9dc3-11eb-a364-acde48001122,M
52a3265e-9dc3-11eb-a364-acde48001122,M
52a326d6-9dc3-11eb-a364-acde48001122,M
52a3274e-9dc3-11eb-a364-acde48001122,M
52a327da-9dc3-11eb-a364-acde48001122,M
52a32848-9dc3-11eb-a364-acde48001122,M
52a328ac-9dc3-11eb-a364-acde48001122,M
52a3291a-9dc3-11eb-a364-acde48001122,M
52a32988-9dc3-11eb-a364-acde48001122,M
52a329ec-9dc3-11eb-a364-acde48001122,M
52a32a5a-9dc3-11eb-a364-acde48001122,M
52a32ac8-9dc3-11eb-a364-acde48001122,M
52a32b2c-9dc3-11eb-a364-acde48001122,M
52a32bae-9dc3-11eb-a364-acde48001122,M
52a32c26-9dc3-11eb-a364-acde48001122,M
52a32c94-9dc3-11eb-a364-acde48001122,M
52a32d02-9dc3-11eb-a364-acde48001122,M
52a32d66-9dc3-11eb-a364-acde48001122,M
52a32dd4-9dc3-11eb-a364-acde48001122,M
52a32e4c-9dc3-11eb-a364-acde48001122,M
52a32ec4-9dc3-11eb-a364-acde48001122,M
52a32f46-9dc3-11eb-a364-acde48001122,M
52a32fc8-9dc3-11eb-a364-acde48001122,M
52a3304a-9dc3-11eb-a364-acde48001122,M
52a330e0-9dc3-11eb-a364-acde48001122,M
52a33176-9dc3-11eb-a364-acde48001122,M
52a33216-9dc3-11eb-a364-acde48001122,M
52a332d4-9dc3-11eb-a364-acde48001122,M
52a33374-9dc3-11eb-a364-acde48001122,M
52a3340a-9dc3-11eb-a364-acde48001122,M
52a334be-9dc3-11eb-a364-acde48001122,M
52a33568-9dc3-11eb-a364-acde48001122,M
52a33612-9dc3-11eb-a364-acde48001122,M
52a336bc-9dc3-11eb-a364-acde48001122,M
52a33752-9dc3-11eb-a364-acde48001122,M
52a337e8-9dc3-11eb-a364-acde48001122,M
52a33892-9dc3-11eb-a364-acde48001122,M
52a3393c-9dc3-11eb-a364-acde48001122,M
52a339e6-9dc3-11eb-a364-acde48001122,M
52a33a90-9dc3-11eb-a364-acde48001122,M
52a33b30-9dc3-11eb-a364-acde48001122,M
52a33bc6-9dc3-11eb-a364-acde48001122,M
52a33c8e-9dc3-11eb-a364-acde48001122,M
52a33d2e-9dc3-11eb-a364-acde48001122,M
52a33dc4-9dc3-11eb-a364-acde48001122,M
52a33e6e-9dc3-11eb-a364-acde48001122,M
52a33f04-9dc3-11eb-a364-acde48001122,M
52a33fae-9dc3-11eb-a364-acde48001122,M
52a34058-9dc3-11eb-a364-acde48001122,M
52a34116-9dc3-11eb-a364-acde48001122,M
52a341b6-9dc3-11eb-a364-acde48001122,M
52a34274-9dc3-11eb-a364-acde48001122,M
52a34328-9dc3-11eb-a364-acde48001122,M
52a343e6-9dc3-11eb-a364-acde48001122,M
52a3449a-9dc3-11eb-a364-acde48001122,M
52a3454e-9dc3-11eb-a364-acde48001122,M
52a3462a-9dc3-11eb-a364-acde48001122,M
52a349c2-9dc3-11eb-a364-acde48001122,M
52a34aee-9dc3-11eb-a364-acde48001122,M
52a34b70-9dc3-11eb-a364-acde48001122,M
52a34bfc-9dc3-11eb-a364-acde48001122,M
52a34c7e-9dc3-11eb-a364-acde48001122,M
52a34cf6-9dc3-11eb-a364-acde48001122,M
52a34d6e-9dc3-11eb-a364-acde48001122,M
52a34dfa-9dc3-11eb-a364-acde48001122,M
52a34e7c-9dc3-11eb-a364-acde48001122,M
52a34f08-9dc3-11eb-a364-acde48001122,M
52a34f94-9dc3-11eb-a364-acde48001122,M
52a35034-9dc3-11eb-a364-acde48001122,M
52a350ca-9dc3-11eb-a364-acde48001122,M
52a35160-9dc3-11eb-a364-acde48001122,M
52a3520a-9dc3-11eb-a364-acde48001122,M
52a35296-9dc3-11eb-a364-acde48001122,M
52a35336-9dc3-11eb-a364-acde48001122,M
52a353e0-9dc3-11eb-a364-acde48001122,M
52a35494-9dc3-11eb-a364-acde48001122,M
52a3553e-9dc3-11eb-a364-acde48001122,M
52a355de-9dc3-11eb-a364-acde48001122,M
52a35674-9dc3-11eb-a364-acde48001122,M
52a3570a-9dc3-11eb-a364-acde48001122,M
52a357aa-9dc3-11eb-a364-acde48001122,M
52a3584a-9dc3-11eb-a364-acde48001122,M
52a358cc-9dc3-11eb-a364-acde48001122,M
52a35944-9dc3-11eb-a364-acde48001122,M
52a359bc-9dc3-11eb-a364-acde48001122,M
52a35a20-9dc3-11eb-a364-acde48001122,M
52a35a84-9dc3-11eb-a364-acde48001122,M
52a35af2-9dc3-11eb-a364-acde48001122,M
52a35b56-9dc3-11eb-a364-acde48001122,M
52a35bba-9dc3-11eb-a364-acde48001122,M
52a35c1e-9dc3-11eb-a364-acde48001122,M
52a35c82-9dc3-11eb-a364-acde48001122,M
52a35cf0-9dc3-11eb-a364-acde48001122,M
52a35d5e-9dc3-11eb-a364-acde48001122,M
52a35dc2-9dc3-11eb-a364-acde48001122,M
52a35e30-9dc3-11eb-a364-acde48001122,M
52a35e94-9dc3-11eb-a364-acde48001122,M
52a35ef8-9dc3-11eb-a364-acde48001122,M
52a35f66-9dc3-11eb-a364-acde48001122,M
52a35fca-9dc3-11eb-a364-acde48001122,M
52a36038-9dc3-11eb-a364-acde48001122,M
52a3609c-9dc3-11eb-a364-acde48001122,M
52a36100-9dc3-11eb-a364-acde48001122,M
52a36164-9dc3-11eb-a364-acde48001122,M
52a361d2-9dc3-11eb-a364-acde48001122,M
52a36236-9dc3-11eb-a364-acde48001122,M
52a3629a-9dc3-11eb-a364-acde48001122,M
52a362fe-9dc3-11eb-a364-acde48001122,M
52a3636c-9dc3-11eb-a364-acde48001122,M
52a363d0-9dc3-11eb-a364-acde48001122,M
52a3643e-9dc3-11eb-a364-acde48001122,M
52a364a2-9dc3-11eb-a364-acde48001122,M
52a36506-9dc3-11eb-a364-acde48001122,M
52a3656a-9dc3-11eb-a364-acde48001122,M
52a365d8-9dc3-11eb-a364-acde48001122,M
52a3663c-9dc3-11eb-a364-acde48001122,M
52a366a0-9dc3-11eb-a364-acde48001122,M
52a36704-9dc3-11eb-a364-acde48001122,M
52a36768-9dc3-11eb-a364-acde48001122,M
52a367d6-9dc3-11eb-a364-acde48001122,M
52a3683a-9dc3-11eb-a364-acde48001122,M
52a3689e-9dc3-11eb-a364-acde48001122,M
52a36916-9dc3-11eb-a364-acde48001122,M
52a3697a-9dc3-11eb-a364-acde48001122,M
52a369e8-9dc3-11eb-a364-acde48001122,M
52a36a4c-9dc3-11eb-a364-acde48001122,M
52a36ab0-9dc3-11eb-a364-acde48001122,M
52a36b1e-9dc3-11eb-a364-acde48001122,M
52a36b82-9dc3-11eb-a364-acde48001122,M
52a36be6-9dc3-11eb-a364-acde48001122,M
52a36c4a-9dc3-11eb-a364-acde48001122,M
52a36cae-9dc3-11eb-a364-acde48001122,M
52a36d12-9dc3-11eb-a364-acde48001122,M
52a36d76-9dc3-11eb-a364-acde48001122,M
52a36dee-9dc3-11eb-a364-acde48001122,M
52a36e52-9dc3-11eb-a364-acde48001122,M
52a36eb6-9dc3-11eb-a364-acde48001122,M
52a36f1a-9dc3-11eb-a364-acde48001122,M
52a36f7e-9dc3-11eb-a364-acde48001122,M
52a36fec-9dc3-11eb-a364-acde48001122,M
52a37050-9dc3-11eb-a364-acde48001122,M
52a370b4-9dc3-11eb-a364-acde48001122,M
52a37118-9dc3-11eb-a364-acde48001122,M
52a3717c-9dc3-11eb-a364-acde48001122,M
52a371e0-9dc3-11eb-a364-acde48001122,M
52a37244-9dc3-11eb-a364-acde48001122,M
52a372b2-9dc3-11eb-a364-acde48001122,M
52a37316-9dc3-11eb-a364-acde48001122,M
52a37398-9dc3-11eb-a364-acde48001122,M
52a3742e-9dc3-11eb-a364-acde48001122,M
52a374ba-9dc3-11eb-a364-acde48001122,M
52a37546-9dc3-11eb-a364-acde48001122,M
52a375d2-9dc3-11eb-a364-acde48001122,M
52a3765e-9dc3-11eb-a364-acde48001122,M
52a376f4-9dc3-11eb-a364-acde48001122,M
52a3778a-9dc3-11eb-a364-acde48001122,M
52a37816-9dc3-11eb-a364-acde48001122,M
52a378ac-9dc3-11eb-a364-acde48001122,M
52a37938-9dc3-11eb-a364-acde48001122,M
52a379ce-9dc3-11eb-a364-acde48001122,M
52a37a6e-9dc3-11eb-a364-acde48001122,M
52a37b18-9dc3-11eb-a364-acde48001122,M
52a37bcc-9dc3-11eb-a364-acde48001122,M
52a37c6c-9dc3-11eb-a364-acde48001122,M
52a37d0c-9dc3-11eb-a364-acde48001122,M
52a37dac-9dc3-11eb-a364-acde48001122,M
52a37e74-9dc3-11eb-a364-acde48001122,M
52a37f1e-9dc3-11eb-a364-acde48001122,M
52a37fb4-9dc3-11eb-a364-acde48001122,M
52a38054-9dc3-11eb-a364-acde48001122,M
52a380ea-9dc3-11eb-a364-acde48001122,M
52a38176-9dc3-11eb-a364-acde48001122,M
52a381f8-9dc3-11eb-a364-acde48001122,M
52a38266-9dc3-11eb-a364-acde48001122,M
52a382fc-9dc3-11eb-a364-acde48001122,M
52a38392-9dc3-11eb-a364-acde48001122,M
52a38428-9dc3-11eb-a364-acde48001122,M
52a384be-9dc3-11eb-a364-acde48001122,M
52a3854a-9dc3-11eb-a364-acde48001122,M
52a385e0-9dc3-11eb-a364-acde48001122,M
52a38694-9dc3-11eb-a364-acde48001122,M
52a38734-9dc3-11eb-a364-acde48001122,M
52a387ca-9dc3-11eb-a364-acde48001122,M
52a3886a-9dc3-11eb-a364-acde48001122,M
52a38900-9dc3-11eb-a364-acde48001122,M
52a38996-9dc3-11eb-a364-acde48001122,M
52a38a36-9dc3-11eb-a364-acde48001122,M
52a38ae0-9dc3-11eb-a364-acde48001122,M
52a38b76-9dc3-11eb-a364-acde48001122,M
52a38c0c-9dc3-11eb-a364-acde48001122,M
52a38c98-9dc3-11eb-a364-acde48001122,M
52a38d4c-9dc3-11eb-a364-acde48001122,M
52a38de2-9dc3-11eb-a364-acde48001122,M
52a38e78-9dc3-11eb-a364-acde48001122,M
52a38f18-9dc3-11eb-a364-acde48001122,M
52a38fb8-9dc3-11eb-a364-acde48001122,M
52a391f2-9dc3-11eb-a364-acde48001122,M
52a392d8-9dc3-11eb-a364-acde48001122,M
52a39346-9dc3-11eb-a364-acde48001122,M
52a393be-9dc3-11eb-a364-acde48001122,M
52a3942c-9dc3-11eb-a364-acde48001122,M
52a39490-9dc3-11eb-a364-acde48001122,M
52a394fe-9dc3-11eb-a364-acde48001122,M
52a39562-9dc3-11eb-a364-acde48001122,M
52a395c6-9dc3-11eb-a364-acde48001122,M
52a39634-9dc3-11eb-a364-acde48001122,M
52a39698-9dc3-11eb-a364-acde48001122,M
52a396fc-9dc3-11eb-a364-acde48001122,M
52a39760-9dc3-11eb-a364-acde48001122,M
52a397ce-9dc3-11eb-a364-acde48001122,M
52a39832-9dc3-11eb-a364-acde48001122,M
52a39896-9dc3-11eb-a364-acde48001122,M
52a39904-9dc3-11eb-a364-acde48001122,M
52a39968-9dc3-11eb-a364-acde48001122,M
52a399d6-9dc3-11eb-a364-acde48001122,M
52a39a3a-9dc3-11eb-a364-acde48001122,M
52a39a9e-9dc3-11eb-a364-acde48001122,M
52a39b0c-9dc3-11eb-a364-acde48001122,M
52a39b70-9dc3-11eb-a364-acde48001122,M
52a39bd4-9dc3-11eb-a364-acde48001122,M
52a39c42-9dc3-11eb-a364-acde48001122,M
52a39cb0-9dc3-11eb-a364-acde48001122,M
52a39d14-9dc3-11eb-a364-acde48001122,M
52a39d78-9dc3-11eb-a364-acde48001122,M
52a39de6-9dc3-11eb-a364-acde48001122,M
52a39e4a-9dc3-11eb-a364-acde48001122,M
52a39eae-9dc3-11eb-a364-acde48001122,M
52a39f12-9dc3-11eb-a364-acde48001122,M
52a39f80-9dc3-11eb-a364-acde48001122,M
52a39fe4-9dc3-11eb-a364-acde48001122,M
52a3a048-9dc3-11eb-a364-acde48001122,M
52a3a0b6-9dc3-11eb-a364-acde48001122,M
52a3a11a-9dc3-11eb-a364-acde48001122,M
52a3a188-9dc3-11eb-a364-acde48001122,M
52a3a1ec-9dc3-11eb-a364-acde48001122,M
52a3a250-9dc3-11eb-a364-acde48001122,M
52a3a2b4-9dc3-11eb-a364-acde48001122,M
52a3a322-9dc3-11eb-a364-acde48001122,M
52a3a386-9dc3-11eb-a364-acde48001122,M
52a3a3ea-9dc3-11eb-a364-acde48001122,M
52a3a44e-9dc3-11eb-a364-acde48001122,M
52a3a4b2-9dc3-11eb-a364-acde48001122,M
52a3a520-9dc3-11eb-a364-acde48001122,M
52a3a584-9dc3-11eb-a364-acde48001122,M
52a3a5e8-9dc3-11eb-a364-acde48001122,M
52a3a64c-9dc3-11eb-a364-acde48001122,M
52a3a6ba-9dc3-11eb-a364-acde48001122,M
52a3a71e-9dc3-11eb-a364-acde48001122,M
52a3a782-9dc3-11eb-a364-acde48001122,M
52a3a7f0-9dc3-11eb-a364-acde48001122,M
52a3a854-9dc3-11eb-a364-acde48001122,M
52a3a8b8-9dc3-11eb-a364-acde48001122,M
52a3a91c-9dc3-11eb-a364-acde48001122,M
52a3a980-9dc3-11eb-a364-acde48001122,M
52a3a9ee-9dc3-11eb-a364-acde48001122,M
52a3aa52-9dc3-11eb-a364-acde48001122,M
52a3aab6-9dc3-11eb-a364-acde48001122,M
52a3ab1a-9dc3-11eb-a364-acde48001122,M
52a3ab7e-9dc3-11eb-a364-acde48001122,M
52a3abec-9dc3-11eb-a364-acde48001122,M
52a3ac50-9dc3-11eb-a364-acde48001122,M
52a3acbe-9dc3-11eb-a364-acde48001122,M
52a3ad2c-9dc3-11eb-a364-acde48001122,M
52a3ad90-9dc3-11eb-a364-acde48001122,M
52a3adfe-9dc3-11eb-a364-acde48001122,M
52a3ae62-9dc3-11eb-a364-acde48001122,M
52a3aec6-9dc3-11eb-a364-acde48001122,M
52a3af2a-9dc3-11eb-a364-acde48001122,M
52a3af8e-9dc3-11eb-a364-acde48001122,M
52a3affc-9dc3-11eb-a364-acde48001122,M
52a3b060-9dc3-11eb-a364-acde48001122,M
52a3b0c4-9dc3-11eb-a364-acde48001122,M
52a3b132-9dc3-11eb-a364-acde48001122,M
52a3b196-9dc3-11eb-a364-acde48001122,M
52a3b204-9dc3-11eb-a364-acde48001122,M
52a3b268-9dc3-11eb-a364-acde48001122,M
52a3b2cc-9dc3-11eb-a364-acde48001122,M
52a3b33a-9dc3-11eb-a364-acde48001122,M
52a3b39e-9dc3-11eb-a364-acde48001122,M
52a3b402-9dc3-11eb-a364-acde48001122,M
52a3b466-9dc3-11eb-a364-acde48001122,M
52a3b4d4-9dc3-11eb-a364-acde48001122,M
52a3b538-9dc3-11eb-a364-acde48001122,M
52a3b59c-9dc3-11eb-a364-acde48001122,M
52a3b600-9dc3-11eb-a364-acde48001122,M
52a3b664-9dc3-11eb-a364-acde48001122,M
52a3b6d2-9dc3-11eb-a364-acde48001122,M
52a3b736-9dc3-11eb-a364-acde48001122,M
52a3b79a-9dc3-11eb-a364-acde48001122,M
52a3b812-9dc3-11eb-a364-acde48001122,M
52a3b876-9dc3-11eb-a364-acde48001122,M
52a3b8da-9dc3-11eb-a364-acde48001122,M
52a3b93e-9dc3-11eb-a364-acde48001122,M
52a3b9a2-9dc3-11eb-a364-acde48001122,M
52a3ba06-9dc3-11eb-a364-acde48001122,M
52a3ba6a-9dc3-11eb-a364-acde48001122,M
52a3bad8-9dc3-11eb-a364-acde48001122,M
52a3bb3c-9dc3-11eb-a364-acde48001122,M
52a3bba0-9dc3-11eb-a364-acde48001122,M
52a3bc04-9dc3-11eb-a364-acde48001122,M
52a3bc72-9dc3-11eb-a364-acde48001122,M
52a3bcd6-9dc3-11eb-a364-acde48001122,M
52a3bd3a-9dc3-11eb-a364-acde48001122,M
52a3bd9e-9dc3-11eb-a364-acde48001122,M
52a3be02-9dc3-11eb-a364-acde48001122,M
52a3be70-9dc3-11eb-a364-acde48001122,M
52a3bede-9dc3-11eb-a364-acde48001122,M
52a3bf42-9dc3-11eb-a364-acde48001122,M
52a3bfb0-9dc3-11eb-a364-acde48001122,M
52a3c014-9dc3-11eb-a364-acde48001122,M
52a3c078-9dc3-11eb-a364-acde48001122,M
52a3c0e6-9dc3-11eb-a364-acde48001122,M
52a3c14a-9dc3-11eb-a364-acde48001122,M
52a3c1ae-9dc3-11eb-a364-acde48001122,M
52a3c212-9dc3-11eb-a364-acde48001122,M
52a3c276-9dc3-11eb-a364-acde48001122,M
52a3c2da-9dc3-11eb-a364-acde48001122,M
52a3c33e-9dc3-11eb-a364-acde48001122,M
52a3c3a2-9dc3-11eb-a364-acde48001122,M
52a3c406-9dc3-11eb-a364-acde48001122,M
52a3c474-9dc3-11eb-a364-acde48001122,M
52a3c4d8-9dc3-11eb-a364-acde48001122,M
52a3c53c-9dc3-11eb-a364-acde48001122,M
52a3c5a0-9dc3-11eb-a364-acde48001122,M
52a3c604-9dc3-11eb-a364-acde48001122,M
52a3c668-9dc3-11eb-a364-acde48001122,M
52a3c6d6-9dc3-11eb-a364-acde48001122,M
52a3c73a-9dc3-11eb-a364-acde48001122,M
52a3c79e-9dc3-11eb-a364-acde48001122,M
52a3c802-9dc3-11eb-a364-acde48001122,M
52a3c866-9dc3-11eb-a364-acde48001122,M
52a3c8d4-9dc3-11eb-a364-acde48001122,M
52a3c938-9dc3-11eb-a364-acde48001122,M
52a3c99c-9dc3-11eb-a364-acde48001122,M
52a3ca00-9dc3-11eb-a364-acde48001122,M
52a3cb36-9dc3-11eb-a364-acde48001122,M
52a3cbc2-9dc3-11eb-a364-acde48001122,M
52a3cc26-9dc3-11eb-a364-acde48001122,M
52a3cc94-9dc3-11eb-a364-acde48001122,M
52a3ccf8-9dc3-11eb-a364-acde48001122,M
52a3cd5c-9dc3-11eb-a364-acde48001122,M
52a3cdca-9dc3-11eb-a364-acde48001122,M
52a3ce2e-9dc3-11eb-a364-acde48001122,M
52a3ce92-9dc3-11eb-a364-acde48001122,M
52a3cf00-9dc3-11eb-a364-acde48001122,M
52a3cf64-9dc3-11eb-a364-acde48001122,M
52a3cfc8-9dc3-11eb-a364-acde48001122,M
52a3d040-9dc3-11eb-a364-acde48001122,M
52a3d0a4-9dc3-11eb-a364-acde48001122,M
52a3d108-9dc3-11eb-a364-acde48001122,M
52a3d16c-9dc3-11eb-a364-acde48001122,M
52a3d1d0-9dc3-11eb-a364-acde48001122,M
52a3d25c-9dc3-11eb-a364-acde48001122,M
52a3d2ca-9dc3-11eb-a364-acde48001122,M
52a3d32e-9dc3-11eb-a364-acde48001122,M
52a3d392-9dc3-11eb-a364-acde48001122,M
52a3d3f6-9dc3-11eb-a364-acde48001122,M
52a3d45a-9dc3-11eb-a364-acde48001122,M
52a3d4be-9dc3-11eb-a364-acde48001122,M
52a3d52c-9dc3-11eb-a364-acde48001122,M
52a3d590-9dc3-11eb-a364-acde48001122,M
52a3d5f4-9dc3-11eb-a364-acde48001122,M
52a3d658-9dc3-11eb-a364-acde48001122,M
52a3d6bc-9dc3-11eb-a364-acde48001122,M
52a3d72a-9dc3-11eb-a364-acde48001122,M
52a3d78e-9dc3-11eb-a364-acde48001122,M
52a3d7f2-9dc3-11eb-a364-acde48001122,M
52a3d856-9dc3-11eb-a364-acde48001122,M
52a3d8ba-9dc3-11eb-a364-acde48001122,M
52a3d91e-9dc3-11eb-a364-acde48001122,M
52a3d98c-9dc3-11eb-a364-acde48001122,M
52a3d9f0-9dc3-11eb-a364-acde48001122,M
52a3da54-9dc3-11eb-a364-acde48001122,M
52a3dab8-9dc3-11eb-a364-acde48001122,M
52a3db26-9dc3-11eb-a364-acde48001122,M
52a3db8a-9dc3-11eb-a364-acde48001122,M
52a3dbee-9dc3-11eb-a364-acde48001122,M
52a3dc52-9dc3-11eb-a364-acde48001122,M
52a3dcb6-9dc3-11eb-a364-acde48001122,M
52a3dd1a-9dc3-11eb-a364-acde48001122,M
52a3dd7e-9dc3-11eb-a364-acde48001122,M
52a3dde2-9dc3-11eb-a364-acde48001122,M
52a3de50-9dc3-11eb-a364-acde48001122,M
52a3deb4-9dc3-11eb-a364-acde48001122,M
52a3df18-9dc3-11eb-a364-acde48001122,M
52a3df7c-9dc3-11eb-a364-acde48001122,M
52a3dfe0-9dc3-11eb-a364-acde48001122,M
52a3e12a-9dc3-11eb-a364-acde48001122,M
52a3e2ce-9dc3-11eb-a364-acde48001122,M
52a3e418-9dc3-11eb-a364-acde48001122,M
52a3e490-9dc3-11eb-a364-acde48001122,M
52a3e4fe-9dc3-11eb-a364-acde48001122,M
52a3e56c-9dc3-11eb-a364-acde48001122,M
52a3e67a-9dc3-11eb-a364-acde48001122,M
52a3e6e8-9dc3-11eb-a364-acde48001122,M
52a3e74c-9dc3-11eb-a364-acde48001122,M
52a3e7b0-9dc3-11eb-a364-acde48001122,M
52a3e81e-9dc3-11eb-a364-acde48001122,M
52a3e882-9dc3-11eb-a364-acde48001122,M
52a3e8e6-9dc3-11eb-a364-acde48001122,M
52a3e954-9dc3-11eb-a364-acde48001122,M
52a3e9b8-9dc3-11eb-a364-acde48001122,M
52a3ea1c-9dc3-11eb-a364-acde48001122,M
52a3ea80-9dc3-11eb-a364-acde48001122,M
52a3eaee-9dc3-11eb-a364-acde48001122,M
52a3eb48-9dc3-11eb-a364-acde48001122,M
52a3ebac-9dc3-11eb-a364-acde48001122,M
52a3ec10-9dc3-11eb-a364-acde48001122,M
52a3ec74-9dc3-11eb-a364-acde48001122,M
52a3ecd8-9dc3-11eb-a364-acde48001122,M
52a3ed3c-9dc3-11eb-a364-acde48001122,M
52a3eda0-9dc3-11eb-a364-acde48001122,M
52a3ee0e-9dc3-11eb-a364-acde48001122,M
52a3ee72-9dc3-11eb-a364-acde48001122,M
52a3eed6-9dc3-11eb-a364-acde48001122,M
52a3ef3a-9dc3-11eb-a364-acde48001122,M
52a3ef9e-9dc3-11eb-a364-acde48001122,M
52a3f002-9dc3-11eb-a364-acde48001122,M
52a3f066-9dc3-11eb-a364-acde48001122,M
52a3f0ca-9dc3-11eb-a364-acde48001122,M
52a3f12e-9dc3-11eb-a364-acde48001122,M
52a3f192-9dc3-11eb-a364-acde48001122,M
52a3f1f6-9dc3-11eb-a364-acde48001122,M
52a3f25a-9dc3-11eb-a364-acde48001122,M
52a3f2be-9dc3-11eb-a364-acde48001122,M
52a3f322-9dc3-11eb-a364-acde48001122,M
52a3f386-9dc3-11eb-a364-acde48001122,M
52a3f3e0-9dc3-11eb-a364-acde48001122,M
52a3f44e-9dc3-11eb-a364-acde48001122,M
52a3f4b2-9dc3-11eb-a364-acde48001122,M
52a3f516-9dc3-11eb-a364-acde48001122,M
52a3f57a-9dc3-11eb-a364-acde48001122,M
52a3f5de-9dc3-11eb-a364-acde48001122,M
52a3f642-9dc3-11eb-a364-acde48001122,M
52a3f6a6-9dc3-11eb-a364-acde48001122,M
52a3f70a-9dc3-11eb-a364-acde48001122,M
52a3f76e-9dc3-11eb-a364-acde48001122,M
52a3f7d2-9dc3-11eb-a364-acde48001122,M
52a3f82c-9dc3-11eb-a364-acde48001122,M
52a3f890-9dc3-11eb-a364-acde48001122,M
52a3f8f4-9dc3-11eb-a364-acde48001122,M
52a3f958-9dc3-11eb-a364-acde48001122,M
52a3f9bc-9dc3-11eb-a364-acde48001122,M
52a3fa20-9dc3-11eb-a364-acde48001122,M
52a3fa8e-9dc3-11eb-a364-acde48001122,M
52a3faf2-9dc3-11eb-a364-acde48001122,M
52a3fb56-9dc3-11eb-a364-acde48001122,M
52a3fbba-9dc3-11eb-a364-acde48001122,M
52a3fc1e-9dc3-11eb-a364-acde48001122,M
52a3fc82-9dc3-11eb-a364-acde48001122,M
52a3fce6-9dc3-11eb-a364-acde48001122,M
52a3fd54-9dc3-11eb-a364-acde48001122,M
52a3fdb8-9dc3-11eb-a364-acde48001122,M
52a3fe1c-9dc3-11eb-a364-acde48001122,M
52a3fe80-9dc3-11eb-a364-acde48001122,M
52a3fee4-9dc3-11eb-a364-acde48001122,M
52a3ff48-9dc3-11eb-a364-acde48001122,M
52a3ffa2-9dc3-11eb-a364-acde48001122,M
52a40006-9dc3-11eb-a364-acde48001122,M
52a4006a-9dc3-11eb-a364-acde48001122,M
52a400ce-9dc3-11eb-a364-acde48001122,M
52a40132-9dc3-11eb-a364-acde48001122,M
52a40196-9dc3-11eb-a364-acde48001122,M
52a401fa-9dc3-11eb-a364-acde48001122,M
52a40268-9dc3-11eb-a364-acde48001122,M
52a402cc-9dc3-11eb-a364-acde48001122,M
52a40330-9dc3-11eb-a364-acde48001122,M
52a40394-9dc3-11eb-a364-acde48001122,M
52a403f8-9dc3-11eb-a364-acde48001122,M
52a4045c-9dc3-11eb-a364-acde48001122,M
52a404c0-9dc3-11eb-a364-acde48001122,M
52a40524-9dc3-11eb-a364-acde48001122,M
52a4057e-9dc3-11eb-a364-acde48001122,M
52a405ec-9dc3-11eb-a364-acde48001122,M
52a40786-9dc3-11eb-a364-acde48001122,M
52a40812-9dc3-11eb-a364-acde48001122,M
52a40876-9dc3-11eb-a364-acde48001122,M
52a408da-9dc3-11eb-a364-acde48001122,M
52a40948-9dc3-11eb-a364-acde48001122,M
52a409ac-9dc3-11eb-a364-acde48001122,M
52a40a10-9dc3-11eb-a364-acde48001122,M
52a40a74-9dc3-11eb-a364-acde48001122,M
52a40ad8-9dc3-11eb-a364-acde48001122,M
52a40b46-9dc3-11eb-a364-acde48001122,M
52a40baa-9dc3-11eb-a364-acde48001122,M
52a40c0e-9dc3-11eb-a364-acde48001122,M
52a40c7c-9dc3-11eb-a364-acde48001122,M
52a40ce0-9dc3-11eb-a364-acde48001122,M
52a40d44-9dc3-11eb-a364-acde48001122,M
52a40da8-9dc3-11eb-a364-acde48001122,M
52a40e0c-9dc3-11eb-a364-acde48001122,M
52a40e70-9dc3-11eb-a364-acde48001122,M
52a40ed4-9dc3-11eb-a364-acde48001122,M
52a40f38-9dc3-11eb-a364-acde48001122,M
52a40f9c-9dc3-11eb-a364-acde48001122,M
52a41000-9dc3-11eb-a364-acde48001122,M
52a41064-9dc3-11eb-a364-acde48001122,M
52a410c8-9dc3-11eb-a364-acde48001122,M
52a4112c-9dc3-11eb-a364-acde48001122,M
52a41190-9dc3-11eb-a364-acde48001122,M
52a411f4-9dc3-11eb-a364-acde48001122,M
